{"v":"5.8.1","fr":60,"ip":0,"op":60,"w":96,"h":96,"nm":"合成翻转","ddd":1,"assets":[],"layers":[{"ddd":1,"ind":1,"ty":2,"nm":"mainLayer","sr":1,"ks":{"o":{"a":1,"k":[{"i":{"x":[0.667],"y":[1]},"o":{"x":[0.333],"y":[0]},"t":0,"s":[100],"e":[0]},{"t":60}],"ix":11},"rx":{"a":0,"k":0,"ix":8},"ry":{"a":0,"k":-180,"ix":9},"rz":{"a":0,"k":0,"ix":10},"or":{"a":0,"k":[0,0,0],"ix":7},"p":{"a":0,"k":[48,48,0],"ix":2},"a":{"a":0,"k":[48,48,0],"ix":1},"s":{"a":1,"k":[{"i":{"x":[0.667,0.667,0.667],"y":[1,1,1]},"o":{"x":[0.333,0.333,0.333],"y":[0,0,0]},"t":0,"s":[100,100,100],"e":[0,0,0]},{"t":60}],"ix":6}},"ao":0,"ip":-1,"op":60,"st":-1,"bm":0}],"markers":[]}