{"v":"5.8.1","fr":60,"ip":0,"op":60,"w":96,"h":96,"nm":"合成","ddd":0,"assets":[],"layers":[{"ddd":0,"ind":1,"ty":2,"nm":"mainLayer","sr":1,"ks":{"o":{"a":0,"k":100,"ix":11},"r":{"a":0,"k":0,"ix":10},"p":{"a":0,"k":[48,48,0],"ix":2,"l":2},"a":{"a":0,"k":[48,48,0],"ix":1,"l":2},"s":{"a":1,"k":[{"i":{"x":[0.833,0.833,0.833],"y":[0.833,0.833,0.833]},"o":{"x":[0.167,0.167,0.167],"y":[0.167,0.167,0.167]},"t":0,"s":[100,100,100],"e":[120,120,100]},{"i":{"x":[0.833,0.833,0.833],"y":[0.833,0.833,0.833]},"o":{"x":[0.167,0.167,0.167],"y":[0.167,0.167,0.167]},"t":30,"s":[120,120,100],"e":[100,100,100]},{"t":60}],"ix":6,"l":2,"x":"var $bm_rt;\n$bm_rt = transform.scale;"}},"ao":0,"ip":0,"op":60,"st":0,"bm":0}],"markers":[]}